,name,descriptions,status,release_year,genres,slug,image_url,total_episodes,episode_links,episode_i_frame_array
0,.Hack//G.U. Returner,"hack//G.U. Returner is a single-episode OVA offered to fans who completed all three GU Games, featuring characters from the .hack//G.U. Games and .hack//Roots.",Completed Anime,Anime in 2007,Genre: Adventure Drama Game Harem Martial Arts Seinen,hackgu-returner,https://gogocdn.net/images/anime/5745.jpg,.Hack//G.U. Returner Episode 1,https://animeseries.so/watch/hackgu-returner-episode-1.html,"['//gogoplay.io/streaming.php?id=NDA3OTI=&title=.Hack%2F%2FG.U.+Returner+episode+1&typesub=SUB', '//gogoplay.io/embedplus?id=NDA3OTI=&token=xn7JwA0tFOAZ_dk3nyVhaA&expires=1641617125', 'https://sbplay2.com/e/env0jxmpf678', 'https://hydrax.net/watch?v=ZzJf3-Ua0', 'https://fembed-hd.com/v/8ylw3u8ld72r-4r', 'https://www.mp4upload.com/embed-e5t1flv0otkb.html', 'https://www.yourupload.com/embed/5U8C888IAc4w', 'https://dood.ws/e/pkjocerv9ic3']"
1,.hack//G.U. Trilogy,"Based on the CyberConnect2 HIT GAME, now will be released in a CG Movie! The Movie will be placed in the storyline of each .hack//G.U. games trilogy. The story follows Haseo, a player in the online MMORPG called The World:R2 at first depicted as a PKK (Player Killer Killer) known as the ""Terror of Death"", a former member of the disbanded Twilight Brigade guild. Haseo encounters Azure Kite (believing him to be Tri-Edge and blaming him for what happened to Shino) but is hopelessly outmatched. Azure Kite easily defeats Haseo and Data Drains him, reducing his level from 133 to 1 and leaving him without any items, weapons, or member addresses. He is left with a mystery on his hands as to the nature of the Data Drain and why Azure Kite is in possession of such a skill. Eventually Haseo gains the ""Avatar"" of Skeith. Acquiring the ability to call Skeith and wield his abilities, such as Data Drain. With Skeith as his strength, Haseo begins the quest for a way to save Shino. He is seen seeking out a PK (Player Killer) known as Tri-Edge, whose victims supposedly are unable to return to The World after he PKs them. Haseo's friend, Shino, was attacked six months prior to the events of the game by Tri-Edge, and the player herself, Shino Nanao, was left in a coma.",Completed Anime,Anime in 2008,Genre: Action Game Harem Seinen,hackgu-trilogy,https://gogocdn.net/images/Trilogy.jpg,.hack//G.U. Trilogy Episode 1,https://animeseries.so/watch/hackgu-trilogy-episode-1.html,"['//gogoplay.io/streaming.php?id=NDI4MjY=&title=.hack%2F%2FG.U.+Trilogy+episode+1&typesub=SUB', '//gogoplay.io/embedplus?id=NDI4MjY=&token=-72Mycj2NhXzxEIRX7l-Mw&expires=1641617128', 'https://sbplay2.com/e/j5qsbi15346a', 'https://hydrax.net/watch?v=TJGgWhdh5', 'https://fembed-hd.com/v/6qnmjc0147xnkqq', 'https://www.mp4upload.com/embed-prpe1m1elj3b.html', 'https://www.yourupload.com/embed/l6uNyrr27xPw', 'https://dood.ws/e/3evajdziarj5']"
2,.hack//Gift,"As an expression of gratitude for the heroes of both the "".hack//Sign"" and the "".hack"" game series, Helba has prepared a special event for all the characters to find the newly established ""Twilight Hot Springs."" The characters can get their well deserved rest and relaxation by having a soak in the wonderful hot springs, but there is only one problem—the hot springs are hidden and there have been mysterious player murders. With the only clue being the word “GIFT,"" the race has begun to find the culprit and the location of the hot springs.",Completed Anime,Anime in 2003,Genre: Comedy Fantasy Game,hackgift,https://gogocdn.net/cover/hackgift.png,.hack//Gift Episode 1,https://animeseries.so/watch/hackgift-episode-1.html,"['//gogoplay.io/streaming.php?id=MTUxNzY5&title=.hack%2F%2FGift+episode+1&typesub=SUB', '//gogoplay.io/embedplus?id=MTUxNzY5&token=wpfdKB3cw1kiNUXdawgffw&expires=1641617130', 'https://sbplay2.com/e/htvsxj5h5h67', 'https://fembed-hd.com/v/gqj0db-er078l3w', 'https://www.mp4upload.com/embed-jyjftuqgzgdh.html', 'https://dood.ws/e/vxqwjlqzvv0m']"
3,.hack//Legend of the Twilight,.hack//Legend of the Twilight,Completed Anime,Anime in 2003,Genre: Adventure Comedy Fantasy Sci-Fi Shounen,hacklegend-of-the-twilight,https://gogocdn.net/images/anime/hacklegend-of-the-twilight2.jpg,.hack//Legend of the Twilight Episode 12,https://animeseries.so/watch/hacklegend-of-the-twilight-episode-12.html,"['//gogoplay.io/streaming.php?id=NDkwNw==&title=.hack%2F%2FLegend+of+the+Twilight+episode+12&typesub=SUB', '//gogoplay.io/embedplus?id=NDkwNw==&token=6rGksIFGGf1PSj4MJ9zs0A&expires=1641617132', 'https://sbplay2.com/e/nklh3j0nwir1', 'https://hydrax.net/watch?v=U_ojzB7POvk', 'https://fembed-hd.com/v/zdp-5sj6k0--z7r', 'https://www.mp4upload.com/embed-33t7qi0mwpmn.html', 'https://www.yourupload.com/embed/moAVhdC0nBC0', 'https://dood.ws/e/bbjxjcwz1pme']"
4,.hack//Liminality,"The story follows three girls, Mai Minase, Yuki Aihara, and Kyoko Tohno, and a former CC Corp. director of the Japanese version of The World, Junichiro Tokuoka. They investigate as to why several people have fallen into a coma while playing the game. The amine starts with the collapse of Mai and her boyfriend, (Tomonari Kasumi). It is soon revealed that she heard a certain sound (which is also present at important points in .hack//Sign) shortly before collapsing. She later wakes up to the same sound, the sound that tunes. “A In C Minor”. Through the knowledge of all the the characters, the constantly search for the answer to why there have been so many victims due to “The World”. Will they be able to battle something that doesn’t even exist in the real world? Genre: Action/Science Fiction",Completed Anime,Anime in 2002,Genre: Mystery Sci-Fi,hackliminality,https://gogocdn.net/images/anime/A/hackliminality.jpg,.hack//Liminality Episode 4,https://animeseries.so/watch/hackliminality-episode-4.html,"['//gogoplay.io/streaming.php?id=NDk1MQ==&title=.hack%2F%2FLiminality+episode+4&typesub=SUB', '//gogoplay.io/embedplus?id=NDk1MQ==&token=3P0QLQlC80JgjnOItjKzTg&expires=1641617135', 'https://sbplay2.com/e/92jb4syetqrm', 'https://hydrax.net/watch?v=YJoSNQohCl', 'https://fembed-hd.com/v/jn3wxhdegp5dqeg', 'https://www.mp4upload.com/embed-jst806s6822g.html', 'https://www.yourupload.com/embed/0NvCt6qKTR2J', 'https://dood.ws/e/8xin8fxfv0i8']"
5,.hack//Liminality (Dub),"While playing the newly released MMORPG ""The World,"" Minase Mai and Tomonari Kasumi collapsed in the real world and were sent to the hospital after hearing a mysterious sound. Only Mai had recovered while her friend Kasumi had slipped into a mysterious coma. Mai is later approached by the creator of ""The World,"" Tokuoka Junichiro, who unveils to her that, just like her friend, six other players across the country had also collapsed while playing ""The World"" and are now in mysterious comas. What exactly is ""The World,"" what is this mysterious sound Mai keeps on hearing, and why are people slipping into comas from this game? Minase, Junichiro and their acquaintances set off to get to the bottom of this problem before any further harm happens.",Completed Anime,Anime in 2002,Genre: Game Mystery Sci-Fi,hackliminality-dub,https://gogocdn.net/cover/hackliminality-dub.png,.hack//Liminality (Dub) Episode 4,https://animeseries.so/watch/hackliminality-dub-episode-4.html,"['//gogoplay.io/streaming.php?id=MTYzMDU4&title=.hack%2F%2FLiminality+%28Dub%29+episode+4&typesub=DUB', '//gogoplay.io/embedplus?id=MTYzMDU4&token=F_xSDroySLeWDvQrdn4peA&expires=1641617137', 'https://sbplay2.com/e/7vt25sqwdvba', 'https://fembed-hd.com/v/kyjk1s310nj-e74', 'https://mixdrop.co/e/gn1v689xhwd33d1', 'https://dood.ws/e/ww5mkyclfqc5']"
6,.hack//Quantum,"Plot Summary: Tobias, Mary, and Sakuya challenge the impregnable “The One Sin”, but they lose their way in the maze and unintentionally trap other guild members. A mysterious cat is watching their blunde",Completed Anime,Anime in 2011,Genre: Action Adventure Fantasy Sci-Fi,hackquantum-,https://gogocdn.net/images/anime/A/hackquantum.jpg,.hack//Quantum Episode 3,https://animeseries.so/watch/hackquantum--episode-3.html,"['//gogoplay.io/streaming.php?id=NDk2NQ==&title=.hack%2F%2FQuantum++episode+3&typesub=SUB', '//gogoplay.io/embedplus?id=NDk2NQ==&token=mku_MfYdZJwPdQp0lfDsEw&expires=1641617139', 'https://sbplay2.com/e/pu3pda2blj8r', 'https://hydrax.net/watch?v=PqNFDGqhK', 'https://fembed-hd.com/v/nd27xs2mjlke1rd', 'https://www.mp4upload.com/embed-hjv2y8uophdg.html', 'https://www.yourupload.com/embed/m4xYTq5T4bJw', 'https://dood.ws/e/k16pvt9i4k1n']"
7,.hack//Roots,"hack//Roots is the prequel to the .hack// videogames. It follows the story of Haseo a member of the Twilight Brigade guild. In the year 2015 the C.C. Corp’s building was burned down, and with it most of the data for “The World” was lost. By mixing the remaining data with that of another game, the C.C. Corp was able to create the game, “The World: R2?, unlike the games before this game allowed player versus player combat. The anime starts when Haseo logs into The World R:2 for the first time and falls victim to the PKers that reside within. He is saved by Ovan, which prompts him to join the Twilight Brigade. The Twilight Brigade members are on a mission to find the Key of the Twilight, however, the TAN guild opposes. Their current mission is to find the 6 virus cores before TAN does, and Haseo has 2 of them, how will he escape from the TAN Guild, and find the Key of Twilight, which might be the answer to everything. Genre: Action/Fantasy",Completed Anime,Anime in 2006,Genre: Adventure Drama Fantasy Game Sci-Fi,hackroots,https://gogocdn.net/images/anime/A/hackroots.jpg,.hack//Roots Episode 26,https://animeseries.so/watch/hackroots-episode-26.html,"['//gogoplay.io/streaming.php?id=NTA3Mg==&title=.hack%2F%2FRoots+episode+26&typesub=SUB', '//gogoplay.io/embedplus?id=NTA3Mg==&token=CY54zeWZM3p9aqDw4GuHcA&expires=1641617140', 'https://sbplay2.com/e/97txw3ywuisq', 'https://hydrax.net/watch?v=dx05NbhSn', 'https://fembed-hd.com/v/nd27xs2mx8qjy2j', 'https://www.mp4upload.com/embed-tpo199fwkq69.html', 'https://www.yourupload.com/embed/FX63RfMRYT1I', 'https://dood.ws/e/v9rz0l8nu8in']"
8,.hack//Roots (Dub),"After the destruction of ""The World"" in 2015, CC Corporation rebuilt the game using data from what was previously to be another game. ""The World R:2"" was then released in 2016. A newcomer to the game, Haseo, is instantly PKed and then revived by a mysterious man known as Ovan. With the problem of PKs occupying the game, Haseo soon after receives help from a female Harvest known as Shino. Amidst curiosity and confusion, Haseo is lead to joining the guild known as the Twilight Brigade. The guild that searches for the legendary object known as the ""Key of the Twilight"". Set before the .hack//G.U. game.",Completed Anime,Anime in 2006,Genre: Adventure Drama Fantasy Game Sci-Fi,hackroots-dub,https://gogocdn.net/cover/hackroots-dub.jpg,.hack//Roots (Dub) Episode 26,https://animeseries.so/watch/hackroots-dub-episode-26.html,"['//gogoplay.io/streaming.php?id=NzMwMDA=&title=.hack%2F%2FRoots+%28Dub%29+episode+26&typesub=DUB', '//gogoplay.io/embedplus?id=NzMwMDA=&token=XCVn-ezXoMKBh4c7Z6Z6dQ&expires=1641617142', 'https://sbplay2.com/e/cbmj8g011ndd', 'https://hydrax.net/watch?v=41I-8rdzs', 'https://fembed-hd.com/v/p1nrxtm1y8gjm-6', 'https://www.mp4upload.com/embed-xcg9xozq3r39.html', 'https://www.yourupload.com/embed/4B14CaQ5Dqg7', 'https://dood.ws/e/a4rnu1wribm4']"
9,.Hack//Sign,"Taking place 2 years after the “Pluto’s Kiss” crisis. “The World” once again returns. This time being the only PC game in existence. Tsubasa a boy who started playing only a few weeks before, finds himself taken to a mysterious zone, where he meets Aura, Morganna, and a mysterious player that has the appearance of a cat. Soon after realizing that he can’t logout, he is forced to stay in “The World”, but unlike other characters he can still feel pain, he still has his emotions. He slowly separates himself from those who try to help him, the only ones that can help him. His friends Bear and Black Rose, constantly try to comfort him in his struggle, but he always pushes them away. He only wants to search for the answer to why he can’t logout, and to the real question of who he really is. Genre: Adventure/Mystery/Fantasy",Completed Anime,Anime in 2002,Genre: Adventure Fantasy Magic Mystery Sci-Fi,hacksign,https://gogocdn.net/images/anime/A/hacksign.jpg,.Hack//Sign Episode 28,https://animeseries.so/watch/hacksign-episode-28.html,"['//gogoplay.io/streaming.php?id=NTMyNg==&title=.Hack%2F%2FSign+episode+28&typesub=SUB', '//gogoplay.io/embedplus?id=NTMyNg==&token=65f_FbSBmyFkrUVzL6iTuw&expires=1641617151', 'https://sbplay2.com/e/rb51yoh7i1uq', 'https://hydrax.net/watch?v=dTn9eNU6r', 'https://fembed-hd.com/v/rqndxce-glznzz0', 'https://www.mp4upload.com/embed-3ga87w7sclu1.html', 'https://www.yourupload.com/embed/r5185JC8p5Vv', 'https://dood.ws/e/gecnf9jarz94']"
10,.hack//Sign (Dub),"A young wavemaster, only known by the alias of Tsukasa, wakes up in an MMORPG called The World, with slight amnesia. He does not know what he has previously done before he woke up. In The World, he is suspected to be a hacker of the Crimson Knights, as he was seen accompanying a tweaked character in the form of a cat. Unable to log out from the game, he wanders around looking for answers, avoiding the knights and other players he meets along the way. As Tsukasa explores The World, he stumbles upon a magical item that takes the form of a 'guardian', which promises him protection from all harm. Subaru, the leader of the Crimson Knights, along with several other players who became acquainted with Tsukasa, set out to investigate why Tsukasa is unable to log out, and attempt to get to the bottom of the problem before it gets out of hand.",Completed Anime,Anime in 2006,Genre: Adventure Fantasy Magic Mystery Sci-Fi,hacksign-dub,https://gogocdn.net/cover/hacksign-dub.jpg,.hack//Sign (Dub) Episode 28,https://animeseries.so/watch/hacksign-dub-episode-28.html,"['//gogoplay.io/streaming.php?id=NzMyOTc=&title=.hack%2F%2FSign+%28Dub%29+episode+28&typesub=DUB', '//gogoplay.io/embedplus?id=NzMyOTc=&token=AX0c6H-dxfEgzTFW-CZITQ&expires=1641617153', 'https://sbplay2.com/e/6f16fnf3aznd', 'https://hydrax.net/watch?v=YywASpACl', 'https://fembed-hd.com/v/qznrxie035jrpdx', 'https://www.mp4upload.com/embed-mdyc6s68hepn.html', 'https://www.yourupload.com/embed/5A54kT5sQ2wa', 'https://dood.ws/e/i3olya3ve139']"
11,.hack//Tasogare no Udewa Densetsu (Dub),"Winning the legendary characters ""Kite"" and ""Black Rose"" from an event held by the creators of the MMORPG ""The World,"" Shugo and his twin sister Rena steps into ""The World."" Together they completed events and quests, along with their new friends Ouka, Mirelle, Hotaru, and Sanjuro. Soon after, mysterious monsters appeared, and death by these monsters caused players to slip into a coma in the real world. Only Shugo and Rena can solve this problem, but why are they being targeted, and what secrets is the game hiding?",Completed Anime,Anime in 2003,Genre: Adventure Comedy Fantasy Game Sci-Fi Shounen,hacktasogare-no-udewa-densetsu-dub,https://gogocdn.net/cover/hacktasogare-no-udewa-densetsu-dub.png,.hack//Tasogare no Udewa Densetsu (Dub) Episode 12,https://animeseries.so/watch/hacktasogare-no-udewa-densetsu-dub-episode-12.html,"['//gogoplay.io/streaming.php?id=MTUyMDQz&title=.hack%2F%2FTasogare+no+Udewa+Densetsu+%28Dub%29+episode+12&typesub=DUB', '//gogoplay.io/embedplus?id=MTUyMDQz&token=iG0bs9RoSMuJhUzdvmL1YQ&expires=1641617155', 'https://sbplay2.com/e/ljwbgsec089k', 'https://fembed-hd.com/v/nyjq6s2pqleqp0l', 'https://dood.ws/e/6gdkkbid1jmb']"
12,.hack//The Movie: Sekai no Mukou ni,.hack//The Movie: Sekai no Mukou ni,Completed Anime,Anime in 2012,Genre: Action Adventure Fantasy Game Mystery Sci-Fi,hackthe-movie-sekai-no-mukou-ni,https://gogocdn.net/images/hack%20The%20Movie%20Sekai%20no%20Mukou%20ni.jpg,.hack//The Movie: Sekai no Mukou ni Episode 1,https://animeseries.so/watch/hackthe-movie-sekai-no-mukou-ni-episode-1.html,"['//gogoplay.io/streaming.php?id=NDI4MjU=&title=.hack%2F%2FThe+Movie%3A+Sekai+no+Mukou+ni+episode+1&typesub=SUB', '//gogoplay.io/embedplus?id=NDI4MjU=&token=WG-d_DG-Rpa96SSlCQIuSg&expires=1641617158', 'https://sbplay2.com/e/1scdoa1eg25a', 'https://hydrax.net/watch?v=klzLD7lgFv', 'https://fembed-hd.com/v/zdp-5sj6k68d6n0', 'https://www.mp4upload.com/embed-1r0skgkdvxre.html', 'https://www.yourupload.com/embed/Dxi1tj87J43m', 'https://dood.ws/e/07ejke87b3iz']"
13,"""Eiyuu"" Kaitai","Uro Yamada works as part of the ""Hero Retirement and Return to Everyday Life Assistance Agency,"" which takes heroes from another world back to Earth and helps them reintegrate into everyday life.",Completed Anime,Anime in 2017,Genre: Comedy Drama,eiyuu-kaitai,https://gogocdn.net/cover/eiyuu-kaitai.png,"""Eiyuu"" Kaitai Episode 1",https://animeseries.so/watch/eiyuu-kaitai-episode-1.html,"['//gogoplay.io/streaming.php?id=MTA3NjI4&title=%22Eiyuu%22+Kaitai+episode+1&typesub=SUB', '//gogoplay.io/embedplus?id=MTA3NjI4&token=1-NBVtHLvk83-FVO4tYCbA&expires=1641617160', 'https://sbplay2.com/e/2rqay668geq1', 'https://hydrax.net/watch?v=5cxaFxsoenO', 'https://fembed-hd.com/v/qznrxie03404ly6', 'https://www.mp4upload.com/embed-5ixa5358i0t1.html', 'https://dood.ws/e/yhq8vuzazcvv']"
14,009 Re:Cyborg,"Nine regular humans from different parts of the world are abducted and transformed into cyborgs with astounding powers for the purpose of being used as weapons. The nine cyborgs rebel and start to fight against their creators in the name of justice and world peace. Decades later, the nine cyborgs seem to be untouched by time, but they live in a world where ""justice"" has as many nuances as the number of people living on the planet. What is their place in the world now?",Completed Anime,Anime in 2012,Genre: Action Adventure Mecha Sci-Fi,009-recyborg,https://gogocdn.net/images/anime/126644.jpg,009 Re:Cyborg Episode 1,https://animeseries.so/watch/009-recyborg-episode-1.html,"['//gogoplay.io/streaming.php?id=NDA3Nzk=&title=009+Re%3ACyborg+episode+1&typesub=SUB', '//gogoplay.io/embedplus?id=NDA3Nzk=&token=uC0CEGvHUIitP6RNAyl8lQ&expires=1641617165', 'https://sbplay2.com/e/3pnre1yz1jst', 'https://hydrax.net/watch?v=WGRdod1aIL', 'https://fembed-hd.com/v/rqndxce-qrw803j', 'https://mixdrop.co/e/mddprrroigzrwo', 'https://www.mp4upload.com/embed-lrbrrkos5r97.html', 'https://www.yourupload.com/embed/5nth6yWo4t3l', 'https://dood.ws/e/pp8mffoyymey']"
15,009 Re:Cyborg (Dub),"Nine regular humans from different parts of the world are abducted and transformed into cyborgs with astounding powers for the purpose of being used as weapons. The nine cyborgs rebel and start to fight against their creators in the name of justice and world peace. Decades later, the nine cyborgs seem to be untouched by time, but they live in a world where ""justice"" has as many nuances as the number of people living on the planet. What is their place in the world now? ""In the beginning was the Voice, and the word was Him; and all obeyed His word in great awe. But those who dwelt upon the land, through vanity, cunning and greed, attempted to build a multitude of towers whose tops reached unto heaven, and accumulated great wealth on earth. Scattering across the land and laying it to waste, man turned a deaf ear to His Voice. So He gave unto man an opportunity to atone for his misdeeds; and flame and smoke and the roar of a lion descended upon earth; and shattered the many towers to dust....""",Completed Anime,Anime in 2012,Genre: Action Adventure Mecha Sci-Fi,009-recyborg-dub,https://gogocdn.net/cover/009-recyborg-dub.jpg,009 Re:Cyborg (Dub) Episode 1,https://animeseries.so/watch/009-recyborg-dub-episode-1.html,"['//gogoplay.io/streaming.php?id=NzMyOTg=&title=009+Re%3ACyborg+%28Dub%29+episode+1&typesub=DUB', '//gogoplay.io/embedplus?id=NzMyOTg=&token=U94jLdTnhz7lPRffnyfTVw&expires=1641617167', 'https://sbplay2.com/e/n174nafcr0u5', 'https://hydrax.net/watch?v=HRPdP4Cbm', 'https://fembed-hd.com/v/41nrjtzy7dx6jx2', 'https://www.mp4upload.com/embed-p6ww0rsxnvek.html', 'https://www.yourupload.com/embed/r07pb4th3TOC', 'https://dood.ws/e/yqcvvkwwp2zk']"
16,009-1,"In an alternate world, the Cold War has continued to persist for 140 years. As a result, the world was divided into two factions: the West Block, and the East Block. As the Cold War drags on, the tension between the two factions, as well as the amount of nuclear weapons they have, rise. Mylene Hoffman is a female cyborg who is a spy for the West Block. Together with three other agents, Mylene partakes in various missions issued by her superiors. Genres: science fiction Themes: assassins, cold war, Cyborg, Inner Demons, secret agents, spies  ",Completed Anime,Anime in 2006,Genre: Action Mecha Sci-Fi,009-1,https://gogocdn.net/images/anime/A/009-1.jpg,009-1 Episode 12,https://animeseries.so/watch/009-1-episode-12.html,"['//gogoplay.io/streaming.php?id=NTkyMw==&title=009-1+episode+12&typesub=SUB', '//gogoplay.io/embedplus?id=NTkyMw==&token=HUvIdpU-7aouvY9_s_g4xg&expires=1641617169', 'https://sbplay2.com/e/tte86m150thz', 'https://fembed-hd.com/v/47dlpfzy2k051wm', 'https://dood.ws/e/n7e81gls0nhh']"
17,009-1 (Dub),"Mylene Hoffman, a beautiful cyborg spy with the codename ""009-1"" lives in an alternative world where the cold war never ended, continuously on-going for 140 years. The world is split into two factions, the West and the East block. A masquerade of peace between the two is slowly dissipated as the conflict occurs. Through politics, the two factions battle over supremacy over technology to threats of a nuclear attack. Mylene Hoffman, teaming up with three other agent, gets surrounded by deception, chaos and rivalry as she carries out missions assigned by her superiors.",Completed Anime,Anime in 2006,Genre: Action Mecha Sci-Fi,009-1-dub,https://gogocdn.net/cover/009-1-dub.jpg,009-1 (Dub) Episode 12,https://animeseries.so/watch/009-1-dub-episode-12.html,"['//gogoplay.io/streaming.php?id=NzM3ODk=&title=009-1+%28Dub%29+episode+12&typesub=DUB', '//gogoplay.io/embedplus?id=NzM3ODk=&token=MC3xGDLpcpykzb3U3wmeWQ&expires=1641617171', 'https://sbplay2.com/e/34yetmh9msua', 'https://fembed-hd.com/v/60rx3b01q8rngqk', 'https://dood.ws/e/j1aawnyb5ei3']"
18,07-GHOST,"Out of 500 students in the military academy, only 20 will pass the difficult graduation exam to become begleiters (Assistant Executive Officers). Teito Klein, the chairman’s favorite, is one of them. He is disliked by the other students because of his relations with the chairman and his mysterious past. After Teito and his best from, Mikage, finish the first phase, Teito begins to have strange dreams again about a man. Later on he eavesdrops on people talking about him. During this conversation, Teito recognizes the man in his dreams and another man that killed him. When he is caught he is sent to prison, but escapes with the help of his best friend. Teito left Mikage and was found falling from the sky and unconscious by a group of guys. Genre: Comedy, Fantasy",Completed Anime,Anime in 2009,Genre: Action Demons Fantasy Military Shoujo,07-ghost,https://gogocdn.net/images/anime/A/07-ghost.jpg,07-GHOST Episode 25,https://animeseries.so/watch/07-ghost-episode-25.html,"['//gogoplay.io/streaming.php?id=NjAyOQ==&title=07-GHOST+episode+25&typesub=SUB', '//gogoplay.io/embedplus?id=NjAyOQ==&token=cvFMkuUtI_xzRE0MtapDeg&expires=1641617173', 'https://sbplay2.com/e/ajzx3f4fo01j', 'https://hydrax.net/watch?v=gcA4-X9Em', 'https://fembed-hd.com/v/l364xunwp34k2d7', 'https://www.mp4upload.com/embed-fjg6b929octw.html', 'https://www.yourupload.com/embed/I6j8Un3Tkfa7', 'https://dood.ws/e/x9z1ykvjmgz8']"
19,100-man no Inochi no Ue ni Ore wa Tatteiru,"Yotsuya Yuusuke along with his classmates Shindou Iu and Hakozaki Kusue have been transported to a strange and unknown world inhabited by mythological creatures. As soon as they arrive, they meet somebody calling himself the Game Master who then grants them a time-limited quest. To aid them in this quest, he also bestows Shindou and Hakozaki with the roles of a Magician and a Warrior while Yotsuya is randomly granted the role of... a Farmer?! This is how a hectic life of adventuring began for three students who now have no choice, but to complete random quests for several phases in the fantasy world if they want to stay alive and protect the real world from the demons and monsters they encounter.",Completed Anime,Anime in 2020,Genre: Action Drama Fantasy Game Shounen,100-man-no-inochi-no-ue-ni-ore-wa-tatteiru,https://gogocdn.net/cover/100-man-no-inochi-no-ue-ni-ore-wa-tatteiru.png,100-man no Inochi no Ue ni Ore wa Tatteiru Episode 12,https://animeseries.so/watch/100-man-no-inochi-no-ue-ni-ore-wa-tatteiru-episode-12.html,"['//gogoplay.io/streaming.php?id=MTQ5Mjc4&title=100-man+no+Inochi+no+Ue+ni+Ore+wa+Tatteiru+episode+12&typesub=SUB', '//gogoplay.io/embedplus?id=MTQ5Mjc4&token=yHDtsZ-zYVYQjpkBPcF7ww&expires=1641617175', 'https://sbplay2.com/e/7xvb131ac9rq', 'https://fembed-hd.com/v/36752cmgr8j6zr7', 'https://mixdrop.co/e/4ndgzxrwcq40jwo', 'https://www.mp4upload.com/embed-k6692dasq8yd.html', 'https://dood.ws/e/lss88cphm6xr']"
20,100-man no Inochi no Ue ni Ore wa Tatteiru (Dub),"Yotsuya Yuusuke along with his classmates Shindou Iu and Hakozaki Kusue have been transported to a strange and unknown world inhabited by mythological creatures. As soon as they arrive, they meet somebody calling himself the Game Master who then grants them a time-limited quest. To aid them in this quest, he also bestows Shindou and Hakozaki with the roles of a Magician and a Warrior while Yotsuya is randomly granted the role of... a Farmer?! This is how a hectic life of adventuring began for three students who now have no choice, but to complete random quests for several phases in the fantasy world if they want to stay alive and protect the real world from the demons and monsters they encounter.",Completed Anime,Anime in 2020,Genre: Action Drama Fantasy Game Shounen,100-man-no-inochi-no-ue-ni-ore-wa-tatteiru-dub,https://gogocdn.net/cover/100-man-no-inochi-no-ue-ni-ore-wa-tatteiru-dub.png,100-man no Inochi no Ue ni Ore wa Tatteiru (Dub) Episode 12,https://animeseries.so/watch/100-man-no-inochi-no-ue-ni-ore-wa-tatteiru-dub-episode-12.html,"['//gogoplay.io/streaming.php?id=MTUxNjIx&title=100-man+no+Inochi+no+Ue+ni+Ore+wa+Tatteiru+%28Dub%29+episode+12&typesub=DUB', '//gogoplay.io/embedplus?id=MTUxNjIx&token=LyolUyvss3q9007VW2mGwQ&expires=1641617177', 'https://sbplay2.com/e/481db81o4eyv', 'https://fembed-hd.com/v/ry7jrse81ywr108', 'https://mixdrop.co/e/9n6678vpuw471e', 'https://www.mp4upload.com/embed-3nhoik9k8ewz.html', 'https://dood.ws/e/08768r1dkv2s']"
21,100-man no Inochi no Ue ni Ore wa Tatteiru 2nd Season,Second season of 100-man no Inochi no Ue ni Ore wa Tatteiru.,Completed Anime,Anime in 2021,Genre: Action Drama Fantasy Game Shounen,100-man-no-inochi-no-ue-ni-ore-wa-tatteiru-2nd-season,https://gogocdn.net/cover/100-man-no-inochi-no-ue-ni-ore-wa-tatteiru-2nd-season.png,100-man no Inochi no Ue ni Ore wa Tatteiru 2nd Season Episode 12,https://animeseries.so/watch/100-man-no-inochi-no-ue-ni-ore-wa-tatteiru-2nd-season-episode-12.html,"['//gogoplay.io/streaming.php?id=MTcxMDg1&title=100-man+no+Inochi+no+Ue+ni+Ore+wa+Tatteiru+2nd+Season+episode+12&typesub=SUB', '//gogoplay.io/embedplus?id=MTcxMDg1&token=_sbJOg8yAUTQxG0AfvlNpQ&expires=1641617179', 'https://sbplay2.com/e/5p108974e2nv', 'https://fembed-hd.com/v/8p1x6i8lpkqeqer', 'https://mixdrop.co/e/dqwo08zna8vw7g', 'https://www.mp4upload.com/embed-jj6ghd0xpf8m.html', 'https://dood.ws/e/8nqy8tax7uul']"
22,100-man no Inochi no Ue ni Ore wa Tatteiru 2nd Season (Dub),Second season of 100-man no Inochi no Ue ni Ore wa Tatteiru.,Completed Anime,Anime in 2021,Genre: Action Drama Fantasy Game Shounen,100-man-no-inochi-no-ue-ni-ore-wa-tatteiru-2nd-season-dub,https://gogocdn.net/cover/100-man-no-inochi-no-ue-ni-ore-wa-tatteiru-2nd-season-dub.png,100-man no Inochi no Ue ni Ore wa Tatteiru 2nd Season (Dub) Episode 12,https://animeseries.so/watch/100-man-no-inochi-no-ue-ni-ore-wa-tatteiru-2nd-season-dub-episode-12.html,"['//gogoplay.io/streaming.php?id=MTc0Mzc0&title=100-man+no+Inochi+no+Ue+ni+Ore+wa+Tatteiru+2nd+Season+%28Dub%29+episode+12&typesub=DUB', '//gogoplay.io/embedplus?id=MTc0Mzc0&token=4lz5pjMPSo6sJw5Tpu5Xjw&expires=1641617181', 'https://sbplay2.com/e/edhmesrgwcrz', 'https://fembed-hd.com/v/l364xun7xr84mxd', 'https://www.mp4upload.com/embed-nzvlfhay41je.html', 'https://dood.ws/e/6gzq2oz8rwfu']"
23,100% Pascal-sensei,"The story centers around an elementary school teacher who is so stupid that he cannot even write his own name. He does whatever he likes in his classroom. Plus, by all appearances, he is not human.",Completed Anime,Anime in 2017,Genre: Comedy,100-pascal-sensei,https://gogocdn.net/cover/100-pascal-sensei.png,100% Pascal-sensei Episode 36,https://animeseries.so/watch/100-pascal-sensei-episode-36.html,"['//gogoplay.io/streaming.php?id=MTAyOTc0&title=100%25+Pascal-sensei+episode+36&typesub=SUB', '//gogoplay.io/embedplus?id=MTAyOTc0&token=qX-1gcCtn4_2zvieAT-ZCw&expires=1641617183', 'https://sbplay2.com/e/u3uplw9ue4so', 'https://hydrax.net/watch?v=0SfgEpOWIZ', 'https://fembed-hd.com/v/-867japk1r4g41w', 'https://www.mp4upload.com/embed-n9homs1h768o.html', 'https://dood.ws/e/797h4hcz1a4v']"
24,1001 Nights,"Presented in the form of a feverish love dream, 1001 Nights is the first performance of the ground-breaking ""Filmharmonic"" series, which presents new orchestral works by film composers in tandem with short films made by A-list directors. Nights is the series' only animated work, and plans originally called for the film to be completely computer animated.",Completed Anime,Anime in 1999,Genre: Demons Fantasy,1001-nights,https://gogocdn.net/images/1001%20Nights.jpg,1001 Nights Episode 1,https://animeseries.so/watch/1001-nights-episode-1.html,"['//gogoplay.io/streaming.php?id=NDI5MTA=&title=1001+Nights+episode+1&typesub=SUB', '//gogoplay.io/embedplus?id=NDI5MTA=&token=u69ReZBzP6q_YhHEr19j0g&expires=1641617185', 'https://sbplay2.com/e/f2eklj95iyrk', 'https://hydrax.net/watch?v=z5HfOknh_Z', 'https://fembed-hd.com/v/3r1qjume8e2p5e6', 'https://www.mp4upload.com/embed-s2kga0k0n42i.html', 'https://www.yourupload.com/embed/yl84XP0RfnE7', 'https://dood.ws/e/mbolc8m7tekk']"
25,1001 Nights (Dub),"Presented in the form of a feverish love dream, 1001 Nights (based on Amano`s book of artwork) is the first performance of the groundbreaking ""Filmharmonic"" series, which presents new orchestral works by film composers in tandem with short films made by A-list directors. Nights is the series's only animated work, and plans originally called for the film to be completely computer animated.",Completed Anime,Anime in 1999,Genre: Demons Fantasy Romance Seinen,1001-nights-dub,https://gogocdn.net/cover/1001-nights-dub.png,1001 Nights (Dub) Episode 1,https://animeseries.so/watch/1001-nights-dub-episode-1.html,"['//gogoplay.io/streaming.php?id=MTE3MjQ0&title=1001+Nights+%28Dub%29+episode+1&typesub=DUB', '//gogoplay.io/embedplus?id=MTE3MjQ0&token=MMdCG5qthEI5OazkGE7RAg&expires=1641617187', 'https://sbplay2.com/e/q63xj0l1rfgr', 'https://hydrax.net/watch?v=GtA-bWxQx', 'https://fembed-hd.com/v/y2zjdhe170gdw-2', 'https://www.mp4upload.com/embed-cp5dwuvc2j4h.html', 'https://dood.ws/e/n4i4svvpumm5']"
26,11eyes,"Satsuki Kakeru lost his sister by suicide and has been living a dull life ever since then. One day, he is transported into a bizarre world “Red Night” along with his friend Minase Yuka. In order to survive and escape from Red Night, he fights against Dark Spirits (Ralva) and Black Nights Genres: action, fantasy, romance Themes: Harem",Completed Anime,Anime in 2009,Genre: Action Ecchi Super Power Supernatural,11eyes-,https://gogocdn.net/images/anime/A/11eyes.jpg,11eyes Episode 13,https://animeseries.so/watch/11eyes--episode-13.html,"['//gogoplay.io/streaming.php?id=NjE4NQ==&title=11eyes++episode+13&typesub=SUB', '//gogoplay.io/embedplus?id=NjE4NQ==&token=Xb-zcZlExzO1rLTHf1on8Q&expires=1641617189', 'https://sbplay2.com/e/sse42jswfzx7', 'https://fembed-hd.com/v/3r1qjumqedgr7gr', 'https://dood.ws/e/bvwdfswlcx7l']"
27,12-sai.: Chicchana Mune no Tokimeki,"The story begins with Hanabi, a sixth-grade girl who is neither an adult nor a child. She deals with issues such as accidentally witnessing her homeroom teacher kissing, and worrying about experiencing physiological changes before her friends. The series depicts a 12-year-old girl's innocent worries and first love.",Completed Anime,Anime in 2016,Genre: Romance School Shoujo,12-sai-chicchana-mune-no-tokimeki,https://gogocdn.net/cover/12-sai-chicchana-mune-no-tokimeki.jpg,12-sai.: Chicchana Mune no Tokimeki Episode 12,https://animeseries.so/watch/12-sai-chicchana-mune-no-tokimeki-episode-12.html,"['//gogoplay.io/streaming.php?id=NzIyNzM=&title=12-sai.%3A+Chicchana+Mune+no+Tokimeki+episode+12&typesub=SUB', '//gogoplay.io/embedplus?id=NzIyNzM=&token=MSCSSGnvVtCL72LTZX3iQg&expires=1641617191', 'https://sbplay2.com/e/g38rsw6cp80v', 'https://hydrax.net/watch?v=UOxJ3vz6t', 'https://fembed-hd.com/v/ez40ni-ljnpm5pp', 'https://dood.ws/e/dsl9ugo01bun']"
28,12-sai.: Chicchana Mune no Tokimeki 2nd Season,"The story begins with Hanabi, a sixth-grade girl who is neither an adult nor a child. She deals with issues such as accidentally witnessing her homeroom teacher kissing, and worrying about experiencing physiological changes before her friends. The series depicts a 12-year-old girl's innocent worries and first love.",Completed Anime,Anime in 2016,Genre: Romance School Shoujo,12-sai-chicchana-mune-no-tokimeki-2nd-season,https://gogocdn.net/cover/12-sai-chicchana-mune-no-tokimeki-2nd-season.png,12-sai.: Chicchana Mune no Tokimeki 2nd Season Episode 12,https://animeseries.so/watch/12-sai-chicchana-mune-no-tokimeki-2nd-season-episode-12.html,"['//gogoplay.io/streaming.php?id=OTQzMTQ=&title=12-sai.%3A+Chicchana+Mune+no+Tokimeki+2nd+Season+episode+12&typesub=SUB', '//gogoplay.io/embedplus?id=OTQzMTQ=&token=ptT08uUD21Fqzq31bJ87Ng&expires=1641617193', 'https://sbplay2.com/e/6n1uhq0gy8ch', 'https://hydrax.net/watch?v=0RtbmWWf2', 'https://fembed-hd.com/v/ez40ni-lndwm843', 'https://dood.ws/e/prrgtigbn76l']"
29,"12-sai.: Kiss, Kirai, Suki","The story begins with Hanahi, a sixth-grade girl who is neither an adult nor a child. She deals with issues such as accidentally witnessing her homeroom teacher kissing, and worrying about experiencing physiological changes before her friends. The manga depicts a 12-year-old girl's innocent worries and first love.",Completed Anime,Anime in 2014,Genre: Romance School Shoujo,12-sai-kiss-kirai-suki,https://gogocdn.net/images/12-sai-Kiss-Kirai-Suki.jpg,"12-sai.: Kiss, Kirai, Suki Episode 12",https://animeseries.so/watch/12-sai-kiss-kirai-suki-episode-12.html,"['//gogoplay.io/streaming.php?id=MTQ2ODg5&title=12-sai.%3A+Kiss%2C+Kirai%2C+Suki+episode+12&typesub=SUB', '//gogoplay.io/embedplus?id=MTQ2ODg5&token=jIS_CQZSC2_nEuoijk16yw&expires=1641617195', 'https://sbplay2.com/e/6ihys9ep2tgb', 'https://fembed-hd.com/v/gqj0db-lm0xwrm3', 'https://dood.ws/e/ut0r3nte4neu']"
30,180 Byou de Kimi no Mimi wo Shiawase ni Dekiru ka?,"ASMR or Autonomous Sensory Meridian Response is the nerve-tingling or relaxing response and sensation one gets to stimuli such as certain sounds or sights. As the title indicates, the anime will let viewers experience ASMR in 180 seconds. In the story, the heroine challenges her classmates to share in her hobby of recording ASMR works.",Completed Anime,Anime in 2021,Genre: Slice of Life,180-byou-de-kimi-no-mimi-wo-shiawase-ni-dekiru-ka,https://gogocdn.net/cover/180-byou-de-kimi-no-mimi-wo-shiawase-ni-dekiru-ka.png,180 Byou de Kimi no Mimi wo Shiawase ni Dekiru ka? Episode 12,https://animeseries.so/watch/180-byou-de-kimi-no-mimi-wo-shiawase-ni-dekiru-ka-episode-12.html,"['//gogoplay.io/streaming.php?id=MTc3MzIw&title=180+Byou+de+Kimi+no+Mimi+wo+Shiawase+ni+Dekiru+ka%3F+episode+12&typesub=SUB', '//gogoplay.io/embedplus?id=MTc3MzIw&token=-GLN-slIhfnGS3w8ETvYJg&expires=1641617198', 'https://sbplay2.com/e/d9nenklql2w2', 'https://fembed-hd.com/v/d13qwtx-zyyjw82', 'https://www.mp4upload.com/embed-7amst2stlbxq.html', 'https://dood.ws/e/xhgmawuokuqe']"
31,18if,Part of a multi-media project that also includes a mobile game and a virtual reality game.,Completed Anime,Anime in 2017,Genre: Game,18if,https://gogocdn.net/cover/18if.png,18if Episode 13,https://animeseries.so/watch/18if-episode-13.html,"['//gogoplay.io/streaming.php?id=MTAxMTc1&title=18if+episode+13&typesub=SUB', '//gogoplay.io/embedplus?id=MTAxMTc1&token=rsqEa7GEaToBwYraDIbUuw&expires=1641617200', 'https://sbplay2.com/e/8zv7k4kp8ge0', 'https://hydrax.net/watch?v=hgtTSwbMI', 'https://fembed-hd.com/v/p1nrxtm1y0nkw5e', 'https://www.mp4upload.com/embed-1p5z2zoc12c9.html', 'https://dood.ws/e/iuwl14kj3or1']"
32,18if (Dub),Part of a multi-media project that also includes a mobile game and a virtual reality game.,Completed Anime,Anime in 2017,Genre: Game,18if-dub,https://gogocdn.net/cover/18if-dub.png,18if (Dub) Episode 13,https://animeseries.so/watch/18if-dub-episode-13.html,"['//gogoplay.io/streaming.php?id=MTAxNDMy&title=18if+%28Dub%29+episode+13&typesub=DUB', '//gogoplay.io/embedplus?id=MTAxNDMy&token=yPRFxz91OMJNF_W-d6t5VQ&expires=1641617202', 'https://sbplay2.com/e/6fzavs7vg50c', 'https://hydrax.net/watch?v=riJ2_jLuD', 'https://fembed-hd.com/v/rqndxce-4p52lzl', 'https://www.mp4upload.com/embed-7a829y4x2o6h.html', 'https://dood.ws/e/65vfex9usq5o']"
33,2 x 2 Shinobuden,"Shinobu is a naive ninja-in-training. In order to test her ninja abilites, she must steal the panties of all the high school girls. The first house she stops at is the abode of one Kaede Shiranui, who happens to catch Shinobu in the act. Kaeda is the voice of reason and the two girls become quick friends, despite a round yellow ball-thing who claims to be a ninja master and tries to get in the way of their friendship. Genre: Comedy",Completed Anime,Anime in 2004,Genre: Comedy Martial Arts Parody,-2-x-2-shinobuden,https://gogocdn.net/images/anime/A/2x2-shinobuden.jpg,2 x 2 Shinobuden Episode 12,https://animeseries.so/watch/-2-x-2-shinobuden-episode-12.html,"['//gogoplay.io/streaming.php?id=NjIxOA==&title=2+x+2+Shinobuden+episode+12&typesub=SUB', '//gogoplay.io/embedplus?id=NjIxOA==&token=6Gk1fsCEIDVmzqC9FYR8eA&expires=1641617205', 'https://sbplay2.com/e/4peek2q60hw3', 'https://fembed-hd.com/v/5znyjidmyyrqq62', 'https://dood.ws/e/df1qxduaxqkj']"
34,2.43: Seiin Koukou Danshi Volley-bu,"High school student Kimichika Haijima moves back to his hometown, Fukui, after causing trouble in the Tokyo Junior High School volleyball club. There, he is reunited with his childhood friend, Yunii Kuroba, who possesses outstanding physical abilities, but is vulnerable under pressure. Haijima, with his overwhelming passion and talent for volleyball, forms an ace combination with Kuroba. The two enroll at Seiin High School, where they join the volleyball club. Awaiting them are the 163 cm hot-blooded captain Shinichirou Oda, the talented and sharp-tongued vice-captain Misao Aoki and his third-year pair, and second-year students, including Akito Kanno, who is always wearing long sleeves due to his allergy to sunlight. The newborn team breaks its former shell of weakness and becomes Fukui's rising star. This is a certain team's journey to victory, with a series of fascinating rivals standing in their way.",Completed Anime,Anime in 2021,Genre: School Sports,2-43-seiin-koukou-danshi-volley-bu,https://gogocdn.net/cover/2-43-seiin-koukou-danshi-volley-bu.png,2.43: Seiin Koukou Danshi Volley-bu Episode 12,https://animeseries.so/watch/2-43-seiin-koukou-danshi-volley-bu-episode-12.html,"['//gogoplay.io/streaming.php?id=MTU1Nzk5&title=2.43%3A+Seiin+Koukou+Danshi+Volley-bu+episode+12&typesub=SUB', '//gogoplay.io/embedplus?id=MTU1Nzk5&token=v_k9bVXicyLeHFhxKcMJig&expires=1641617207', 'https://sbplay2.com/e/z9lvl757sz9g', 'https://fembed-hd.com/v/8p1x6i8ydgq-2le', 'https://mixdrop.co/e/j9mqnz6gf78de6j', 'https://www.mp4upload.com/embed-fa8n1aa7390d.html', 'https://dood.ws/e/0kqu5u9a6hnj']"
35,2.43: Seiin Koukou Danshi Volley-bu (Dub),"Genius setter Kimichika Haijima moves back to Fukui from Tokyo after an incident within his school's volleyball team forces him out. There, he is reunited with his childhood friend, Yuni Kuroba, a member of the Monshiro Middle School Boys' Volleyball Team, who is unaware of his own talents. Haijima notices Kuroba's abilities and is determined to form a new volleyball team with Kuroba as the team's ace. At the prefectural tournament, Kuroba crumbles under the pressure, which causes the Monshiro team to fall apart after losing. The loss also creates a rift between Haijima and Kuroba, leading the former to quit the team. Now, as students at Seiin High School, Haijima and Kuroba find themselves on the same volleyball team once again. Having learned from his past mistakes, Haijima helps Kuroba overcome his performance anxiety to become the ace and carry the team to the prefectural championship. With support from team captain Shinichirou Oda and vice captain Misao Aoki, Seiin aim to win the prefecturals and become Fukui's representatives at the Spring Tournament. To do this, they will need to beat Fukuho Technical High School, the reigning champions of Fukui. Will Haijima's team defeat the odds, or are they doomed to repeat his history of losing?",Completed Anime,Anime in 2021,Genre: Drama School Sci-Fi Sports,2-43-seiin-koukou-danshi-volley-bu-dub,https://gogocdn.net/cover/2-43-seiin-koukou-danshi-volley-bu-dub.png,2.43: Seiin Koukou Danshi Volley-bu (Dub) Episode 12,https://animeseries.so/watch/2-43-seiin-koukou-danshi-volley-bu-dub-episode-12.html,"['//gogoplay.io/streaming.php?id=MTc0MDgy&title=2.43%3A+Seiin+Koukou+Danshi+Volley-bu+%28Dub%29+episode+12&typesub=DUB', '//gogoplay.io/embedplus?id=MTc0MDgy&token=2GoK6KkH2EvuiXX_Bpijvw&expires=1641617209', 'https://sbplay2.com/e/srqnw9360abk', 'https://fembed-hd.com/v/jn3wxhd4nk5nqdr', 'https://www.mp4upload.com/embed-1s18clgaq9mv.html', 'https://dood.ws/e/kmhdmlcxqcd8']"
36,22/7,"TV Anime Series for Idol Group 22/7, Slated for January 2020.",Completed Anime,Anime in 2020,Genre: Music,227,https://gogocdn.net/cover/227.png,22/7 Episode 12,https://animeseries.so/watch/227-episode-12.html,"['//gogoplay.io/streaming.php?id=MTM4MDQ0&title=22%2F7+episode+12&typesub=SUB', '//gogoplay.io/embedplus?id=MTM4MDQ0&token=kp70nCKqMY0RCtOYd5CP3A&expires=1641617211', 'https://sbplay2.com/e/qubbjkt31scj', 'https://hydrax.net/watch?v=8hpUoTnTcH', 'https://fembed-hd.com/v/kyjk1s31dlyxrze', 'https://dood.ws/e/87ee5miplpwn']"
37,22/7: 8＋3=?,"Thirteenth episode included in sixth Blu-ray volume. This episode centers on the story of Mikami Kamiki, Yuuki Toujou, and Tsubomi Hiiragi.",Completed Anime,Anime in 2020,Genre: Music,227-83,https://gogocdn.net/cover/227-83.png,22/7: 8＋3=? Episode 1,https://animeseries.so/watch/227-83-episode-1.html,"['//gogoplay.io/streaming.php?id=MTQ1NDE5&title=22%2F7%3A+8%EF%BC%8B3%3D%3F+episode+1&typesub=SUB', '//gogoplay.io/embedplus?id=MTQ1NDE5&token=YYK9Q_HXlZpS-RI_6hgk2Q&expires=1641617214', 'https://sbplay2.com/e/4813d5kezsjl', 'https://fembed-hd.com/v/gqj0db-eqwx67kz', 'https://www.mp4upload.com/embed-p3ndk3b7ksx6.html', 'https://dood.ws/e/k29v3w97nzvs']"
38,3 Choume no Tama: Uchi no Tama Shirimasen ka?,"The characters are Tama, Momo, Wocket, Tiggle, Rockney, Pimmy, Bupkus, Bengpu, and Chopin. There is no consistent plot. Tama and his friends just have little, family friendly, adventures every episode. The only consistency is when a new friend is made one episode and flash backs.",Completed Anime,Anime in 1988,Genre: Adventure,3-choume-no-tama-uchi-no-tama-shirimasen-ka,https://gogocdn.net/cover/3-choume-no-tama-uchi-no-tama-shirimasen-ka.png,3 Choume no Tama: Uchi no Tama Shirimasen ka? Episode 10,https://animeseries.so/watch/3-choume-no-tama-uchi-no-tama-shirimasen-ka-episode-10.html,"['//gogoplay.io/streaming.php?id=MTQ5NjYz&title=3+Choume+no+Tama%3A+Uchi+no+Tama+Shirimasen+ka%3F+episode+10&typesub=SUB', '//gogoplay.io/embedplus?id=MTQ5NjYz&token=t7vCRXfOCbyHYWsQkE0q_g&expires=1641617216', 'https://sbplay2.com/e/i44rbw43zde9', 'https://fembed-hd.com/v/lnjz2fn3pqkzqk-', 'https://www.mp4upload.com/embed-j5idgd4pdoni.html', 'https://dood.ws/e/e01n7owfr8ry']"
39,3 Choume no Tama: Uchi no Tama Shirimasen ka? (Dub),"The characters are Tama, Momo, Wocket, Tiggle, Rockney, Pimmy, Bupkus, Bengpu, and Chopin. There is no consistent plot. Tama and his friends just have little, family friendly, adventures every episode. The only consistency is when a new friend is made one episode and flash backs.",Completed Anime,Anime in 1988,Genre: Adventure,3-choume-no-tama-uchi-no-tama-shirimasen-ka-dub,https://gogocdn.net/cover/3-choume-no-tama-uchi-no-tama-shirimasen-ka-dub.png,3 Choume no Tama: Uchi no Tama Shirimasen ka? (Dub) Episode 13.1,https://animeseries.so/watch/3-choume-no-tama-uchi-no-tama-shirimasen-ka-dub-episode-13-1.html,"['//gogoplay.io/streaming.php?id=MTc3MjY2&title=3+Choume+no+Tama%3A+Uchi+no+Tama+Shirimasen+ka%3F+%28Dub%29+episode+13.1&typesub=DUB', '//gogoplay.io/embedplus?id=MTc3MjY2&token=u8ff8JcDAJenpTcvDqm8xw&expires=1641617220', 'https://sbplay2.com/e/2hla6ovxqpmv', 'https://fembed-hd.com/v/wwnd5cnl4r02868', 'https://dood.ws/e/b0zr8awuednv']"
40,3 x 3 Eyes,"3X3 Eyes is the story of a young man named Yakumo Fuuji, who through a strange series of events becomes the immortal slave of the last of a race of 3 Eyed immortals. The immortal absorbs his soul to save his life, making him immortal in the process. Now, he begins a journey with the female immortal in an attempt to find a way of becoming human. Of… more 3X3 Eyes is the story of a young man named Yakumo Fuuji, who through a strange series of events becomes the immortal slave of the last of a race of 3 Eyed immortals. The immortal absorbs his soul to save his life, making him immortal in the process. Now, he begins a journey with the female immortal in an attempt to find a way of becoming human. Of course, there are many complications along the way, not the least of which being that the immortal is a female with a split personality, one achingly cute and the other being no-nonsense destructive power, and the romances that develop between. less",Completed Anime,Anime in 1991,Genre: Action Demons Fantasy Horror Romance,3-x-3-eyes,https://gogocdn.net/images/anime/A/3x3-eyes.jpg,3 x 3 Eyes Episode 4,https://animeseries.so/watch/3-x-3-eyes-episode-4.html,"['//gogoplay.io/streaming.php?id=NjI4OQ==&title=3+x+3+Eyes+episode+4&typesub=SUB', '//gogoplay.io/embedplus?id=NjI4OQ==&token=3PNGL_TtepkwDrEhqIX8KA&expires=1641617222', 'https://sbplay2.com/e/2bsb3l0a3cal', 'https://fembed-hd.com/v/zdp-5sjx4d543w3', 'https://dood.ws/e/lp7xjpoymgb5']"
41,3-gatsu no Lion,"Rei Kiriyama is a 17-year-old boy who recently started living alone, financed by his salary as a professional Shogi player. Despite his independence, however, he's yet to mature emotionally, and his problems continue to haunt him in his daily life. His relationship with his adoptive family is strained, and he has difficulties interacting with his fellow high school students. Meanwhile, his professional career has entered a slump. Burdened with the heavy expectations placed on him as the fifth to become pro in middle school, his wins and losses are fluctuating as his record and progression into the ranks begin to stagnate. Acquainted with Rei are the three Kawamoto sisters: Akari, Hinata, and Momo. Unlike Rei, they live happily in their modest home, which they warmly welcome Rei into as if he were one of their own. Despite his reservations about becoming too close to the family, he frequently visits, interacting with them and receiving the kind of care and affection he never quite had while under his foster home. This is the story of Rei's triumphs and failures, relationships new and old, and his growth as a person.",Completed Anime,Anime in 2016,Genre: Drama Game Seinen Slice of Life,3-gatsu-no-lion,https://gogocdn.net/cover/3-gatsu-no-lion.png,3-gatsu no Lion Episode 22,https://animeseries.so/watch/3-gatsu-no-lion-episode-22.html,"['//gogoplay.io/streaming.php?id=OTcyOTU=&title=3-gatsu+no+Lion+episode+22&typesub=SUB', '//gogoplay.io/embedplus?id=OTcyOTU=&token=ZLwhDarfJhBgWWvuj7NChw&expires=1641617224', 'https://sbplay2.com/e/9ugxhu8kp6v9', 'https://fembed-hd.com/v/052z7flgl5d5g4d', 'https://www.mp4upload.com/embed-479ymtdmtuit.html', 'https://dood.ws/e/37cklg27nyyl']"
42,3-gatsu no Lion (Dub),"Having reached professional status in middle school, Rei Kiriyama is one of the few elite in the world of shogi. Due to this, he faces an enormous amount of pressure, both from the shogi community and his adoptive family. Seeking independence from his tense home life, he moves into an apartment in Tokyo. As a 17-year-old living on his own, Rei tends to take poor care of himself, and his reclusive personality ostracizes him from his peers in school and at the shogi hall. However, not long after his arrival in Tokyo, Rei meets Akari, Hinata, and Momo Kawamoto, a trio of sisters living with their grandfather who owns a traditional wagashi shop. Akari, the oldest of the three girls, is determined to combat Rei's loneliness and poorly sustained lifestyle with motherly hospitality. The Kawamoto sisters, coping with past tragedies, also share with Rei a unique familial bond that he has lacked for most of his life. As he struggles to maintain himself physically and mentally through his shogi career, Rei must learn how to interact with others and understand his own complex emotions.",Completed Anime,Anime in 2016,Genre: Drama Game Seinen Slice of Life,3-gatsu-no-lion-dub,https://gogocdn.net/cover/3-gatsu-no-lion-dub.png,3-gatsu no Lion (Dub) Episode 22,https://animeseries.so/watch/3-gatsu-no-lion-dub-episode-22.html,"['//gogoplay.io/streaming.php?id=MTE3MjY2&title=3-gatsu+no+Lion+%28Dub%29+episode+22&typesub=DUB', '//gogoplay.io/embedplus?id=MTE3MjY2&token=KzyfrqYKnZSNLsqH0n1bHQ&expires=1641617226', 'https://sbplay2.com/e/awl36l0b8kzb', 'https://fembed-hd.com/v/47dlpfz7w3nydxn', 'https://www.mp4upload.com/embed-tfpksot4l15v.html', 'https://dood.ws/e/2jekrnyeot5q']"
43,3-gatsu no Lion 2nd Season,The second season of 3-gatsu no Lion.,Completed Anime,Anime in 2017,Genre: Drama Game Shounen Slice of Life,3-gatsu-no-lion-2nd-season,https://gogocdn.net/cover/3-gatsu-no-lion-2nd-season.png,3-gatsu no Lion 2nd Season Episode 22,https://animeseries.so/watch/3-gatsu-no-lion-2nd-season-episode-22.html,"['//gogoplay.io/streaming.php?id=MTA0NzEw&title=3-gatsu+no+Lion+2nd+Season+episode+22&typesub=SUB', '//gogoplay.io/embedplus?id=MTA0NzEw&token=_7aVr7V-uBh21VRImkFCmw&expires=1641617228', 'https://sbplay2.com/e/ybq3o6bqmmg6', 'https://hydrax.net/watch?v=PKmyuXnH2L', 'https://fembed-hd.com/v/gl1enu-ypx64gd4', 'https://www.mp4upload.com/embed-4r3og9hq1nwt.html', 'https://dood.ws/e/jetv057sgpkj']"
44,3-gatsu no Lion 2nd Season (Dub),"Now in his second year of high school, Rei Kiriyama continues pushing through his struggles in the professional shogi world as well as his personal life. Surrounded by vibrant personalities at the shogi hall, the school club, and in the local community, his solitary shell slowly begins to crack. Among them are the three Kawamoto sisters—Akari, Hinata, and Momo—who forge an affectionate and familial bond with Rei. Through these ties, he realizes that everyone is burdened by their own emotional hardships and begins learning how to rely on others while supporting them in return. Nonetheless, the life of a professional is not easy. Between tournaments, championships, and title matches, the pressure mounts as Rei advances through the ranks and encounters incredibly skilled opponents. As he manages his relationships with those who have grown close to him, the shogi player continues to search for the reason he plays the game that defines his career.",Completed Anime,Anime in 2017,Genre: Drama Game Seinen Slice of Life,3-gatsu-no-lion-2nd-season-dub,https://gogocdn.net/cover/3-gatsu-no-lion-2nd-season-dub.png,3-gatsu no Lion 2nd Season (Dub) Episode 22,https://animeseries.so/watch/3-gatsu-no-lion-2nd-season-dub-episode-22.html,"['//gogoplay.io/streaming.php?id=MTIyMTc2&title=3-gatsu+no+Lion+2nd+Season+%28Dub%29+episode+22&typesub=DUB', '//gogoplay.io/embedplus?id=MTIyMTc2&token=F4Y57Y2cCsaiLhaXkq_IhQ&expires=1641617237', 'https://sbplay2.com/e/p3zpre12pf5w', 'https://fembed-hd.com/v/kyjk1s31z4ml6ee', 'https://www.mp4upload.com/embed-wt8nb648o24h.html', 'https://dood.ws/e/ny04k4ki1mij']"
45,3-Nen D-Gumi Glass no Kamen,The series re-imagines the Glass Mask manga and its characters in a school gag comedy focused on satirizing modern society.,Completed Anime,Anime in 2016,Genre: Comedy Parody School,3-nen-d-gumi-glass-no-kamen,https://gogocdn.net/cover/3-nen-d-gumi-glass-no-kamen.png,3-Nen D-Gumi Glass no Kamen Episode 13,https://animeseries.so/watch/3-nen-d-gumi-glass-no-kamen-episode-13.html,"['//gogoplay.io/streaming.php?id=OTE0NDg=&title=3-Nen+D-Gumi+Glass+no+Kamen+episode+13&typesub=SUB', '//gogoplay.io/embedplus?id=OTE0NDg=&token=nXllgTlKq3RTQ-oCVJAXXQ&expires=1641617239', 'https://sbplay2.com/e/wo264ajhngzg', 'https://hydrax.net/watch?v=BzXHZiSlj', 'https://fembed-hd.com/v/7lwyjugq666dkkp', 'https://www.mp4upload.com/embed-tqbj0h2vxsep.html', 'https://www.yourupload.com/embed/LOsdpJSTu6ck', 'https://dood.ws/e/dg5ufeephi3a']"
46,30-sai no Hoken Taiiku,Plot Summary: A guide book teaching shy men around 30 how to date and have sex with wome,Completed Anime,Anime in 2011,Genre: Ecchi Parody Romance Seinen,30-sai-no-hoken-taiiku,https://gogocdn.net/images/anime/A/30-sai-no-Hoken-Taiiku.jpg,30-sai no Hoken Taiiku Episode 12,https://animeseries.so/watch/30-sai-no-hoken-taiiku-episode-12.html,"['//gogoplay.io/streaming.php?id=NjI0OA==&title=30-sai+no+Hoken+Taiiku+episode+12&typesub=SUB', '//gogoplay.io/embedplus?id=NjI0OA==&token=60OpbejKyDwCO32qnb4q7w&expires=1641617241', 'https://sbplay2.com/e/yzzr3ulifap4', 'https://fembed-hd.com/v/0361julzqqk33r8', 'https://dood.ws/e/1djy26fa5ak9']"
47,3000 Leagues in Search of Mother,"Haha wo Tazunete Sanzenri is about an Italian boy, Marco, and his journey in search of his mother. Italy was in a deep depression, so to support her family, Marco`s mother went to Argentina to work as a domestic (like Piccolo`s sons went to America to work in Porco Rosso). But after she wrote to her family that she was sick, her letters stopped coming. So Marco decides to go to Argentina to look for her. Marco has to travel across Argentina to find her, meeting many wonderful people, and encountering many adventures during his journey. Genre: Adventure, Drama, Slice of Life",Completed Anime,Anime in 1976,Genre: Adventure Drama Slice of Life,3000-leagues-in-search-of-mother,https://gogocdn.net/images/anime/A/3000-leagues-in-search-of-mother.jpg,3000 Leagues in Search of Mother Episode 52,https://animeseries.so/watch/3000-leagues-in-search-of-mother-episode-52.html,"['//gogoplay.io/streaming.php?id=NDIzODg=&title=3000+Leagues+in+Search+of+Mother+episode+52&typesub=SUB', '//gogoplay.io/embedplus?id=NDIzODg=&token=Wrd2Bpg-MgN5lfYXN6zM-Q&expires=1641617243', 'https://sbplay2.com/e/la06hllliopc', 'https://hydrax.net/watch?v=8QyDST43W', 'https://fembed-hd.com/v/gl1enu-yp4yezd2', 'https://www.mp4upload.com/embed-a77ht21wa3dl.html', 'https://www.yourupload.com/embed/8w1h4n7ofGOm', 'https://dood.ws/e/bs44k6pk9r8v']"
48,3D Kanojo: Real Girl,"Tsutsui Hikari is an otaku, and he mostly avoids social life. Hikari has only one friend at school, who is also a social misfit, and he is mocked brutally by most of his classmates for being creepy and weird. One day, he ends up having to clean the school pool with Igarashi Iroha, who appears to be pretty much everything he hates in real-life girls. She skips school, has a blunt manner, doesn't have female friends, and seems the sort to be promiscuous. However, she is friendly to Hikari, and even stands up to the people who make fun of him. Hikari's bitterness and trust issues lead him to say pretty harsh things to Iroha, but she never dismisses him as creepy. After a while, it starts to look like Iroha may become his first real-life, 3D girlfriend! Will he be able to handle it?",Completed Anime,Anime in 2018,Genre: Romance School Shoujo,3d-kanojo-real-girl,https://gogocdn.net/cover/3d-kanojo-real-girl.png,3D Kanojo: Real Girl Episode 12,https://animeseries.so/watch/3d-kanojo-real-girl-episode-12.html,"['//gogoplay.io/streaming.php?id=MTA2MjAy&title=+3D+Kanojo%3A+Real+Girl+episode+12&typesub=SUB', '//gogoplay.io/embedplus?id=MTA2MjAy&token=tocdM1MOdr7cLB0sdScsnA&expires=1641617245', 'https://sbplay2.com/e/nrgyaa27ixie', 'https://hydrax.net/watch?v=QCT_vdBo4', 'https://fembed-hd.com/v/0361julqn17ddg-', 'https://www.mp4upload.com/embed-dxr0utdlfz3b.html', 'https://dood.ws/e/cmq2a9fl30nr']"
49,3D Kanojo: Real Girl (Dub),"Tsutsui Hikari is an otaku, and he mostly avoids social life. Hikari has only one friend at school, who is also a social misfit, and he is mocked brutally by most of his classmates for being creepy and weird. One day, he ends up having to clean the school pool with Igarashi Iroha, who appears to be pretty much everything he hates in real-life girls. She skips school, has a blunt manner, doesn't have female friends, and seems the sort to be promiscuous. However, she is friendly to Hikari, and even stands up to the people who make fun of him. Hikari's bitterness and trust issues lead him to say pretty harsh things to Iroha, but she never dismisses him as creepy. After a while, it starts to look like Iroha may become his first real-life, 3D girlfriend! Will he be able to handle it?",Completed Anime,Anime in 2018,Genre: Romance School Shoujo,3d-kanojo-real-girl-dub,https://gogocdn.net/cover/3d-kanojo-real-girl-dub.png,3D Kanojo: Real Girl (Dub) Episode 12,https://animeseries.so/watch/3d-kanojo-real-girl-dub-episode-12.html,"['//gogoplay.io/streaming.php?id=MTEzNTY5&title=3D+Kanojo%3A+Real+Girl+%28Dub%29+episode+12&typesub=DUB', '//gogoplay.io/embedplus?id=MTEzNTY5&token=SjUTtO2M2chRb7yhtTNWzA&expires=1641617247', 'https://sbplay2.com/e/mzhl23cnjtr4', 'https://hydrax.net/watch?v=dbYYnF20w', 'https://fembed-hd.com/v/e2j76h-41pm7-my', 'https://www.mp4upload.com/embed-rqkj1lu3qg2d.html', 'https://dood.ws/e/zte0x85bcrna']"
50,3D Kanojo: Real Girl 2nd Season,Second season of 3D Kanojo: Real Girl.,Completed Anime,Anime in 2019,Genre: Romance School Shoujo,3d-kanojo-real-girl-2nd-season,https://gogocdn.net/cover/3d-kanojo-real-girl-2nd-season.png,3D Kanojo: Real Girl 2nd Season Episode 12,https://animeseries.so/watch/3d-kanojo-real-girl-2nd-season-episode-12.html,"['//gogoplay.io/streaming.php?id=MTE1OTYw&title=3D+Kanojo%3A+Real+Girl+2nd+Season+episode+12&typesub=SUB', '//gogoplay.io/embedplus?id=MTE1OTYw&token=H0mYSdWKJ5Q4H1oVa9DLqg&expires=1641617249', 'https://sbplay2.com/e/4iq2fivs6nbs', 'https://hydrax.net/watch?v=EwuDz8QbZO', 'https://fembed-hd.com/v/z7mj0fjk241ejgk', 'https://www.mp4upload.com/embed-pwma2weguk9c.html', 'https://dood.ws/e/36jgu6cs5xnr']"
51,3D Kanojo: Real Girl 2nd Season (Dub),Second season of 3D Kanojo: Real Girl.,Completed Anime,Anime in 2019,Genre: Romance School Shoujo,3d-kanojo-real-girl-2nd-season-dub,https://gogocdn.net/cover/3d-kanojo-real-girl-2nd-season-dub.png,3D Kanojo: Real Girl 2nd Season (Dub) Episode 12,https://animeseries.so/watch/3d-kanojo-real-girl-2nd-season-dub-episode-12.html,"['//gogoplay.io/streaming.php?id=MTE5MzEz&title=3D+Kanojo%3A+Real+Girl+2nd+Season+%28Dub%29+episode+12&typesub=DUB', '//gogoplay.io/embedplus?id=MTE5MzEz&token=ng8a70aSkBm2Zx7iJRvVrw&expires=1641617251', 'https://sbplay2.com/e/mxa7seesboz1', 'https://hydrax.net/watch?v=F6-aj__-G', 'https://fembed-hd.com/v/36752cm8ldqz60l', 'https://www.mp4upload.com/embed-c1qkwms2b18h.html', 'https://dood.ws/e/q6pv03kkafkr']"
52,3x3 Eyes (Dub),"3X3 Eyes is the story of a young man named Yakumo Fuuji, who through a strange series of events becomes the immortal slave of the last of a race of 3 Eyed demons. The demon absorbs his soul to save his life, making him immortal in the process. Now, he begins a journey with the female demon in an attempt to find a way of becoming human. Of course, there are many complications along the way, not the least of which being that the demon is a female with a split personality, one achingly cute and the other being no-nonsense destructive power, and the romances that develop between.",Completed Anime,Anime in 1991,Genre: Action Demons Fantasy Horror Romance,3x3-eyes-dub,https://gogocdn.net/cover/3x3-eyes-dub.png,3x3 Eyes (Dub) Episode 4,https://animeseries.so/watch/3x3-eyes-dub-episode-4.html,"['//gogoplay.io/streaming.php?id=MTYzMDYy&title=3x3+Eyes+%28Dub%29+episode+4&typesub=DUB', '//gogoplay.io/embedplus?id=MTYzMDYy&token=S8A94-Mp6rIgLPfOunElBw&expires=1641617253', 'https://sbplay2.com/e/cse9i1dqvwxu', 'https://fembed-hd.com/v/nyjq6s2xwd1m5rg', 'https://dood.ws/e/0dxzim563ytm']"
53,3x3 Eyes: Seima Densetsu,"Yakumo has trained and searched for 4 years, following Pai's mysterious disappearance. However, when he finally finds her, not all is well as her memory seems to be gone. They attempt to return her memory by going to the Holy Land, birthplace of the immortal race of Sanjiyans.",Completed Anime,Anime in 1995,Genre: Action Adventure Demons Fantasy Horror,3x3-eyes-seima-densetsu,https://gogocdn.net/cover/3x3-eyes-seima-densetsu.png,3x3 Eyes: Seima Densetsu Episode 3,https://animeseries.so/watch/3x3-eyes-seima-densetsu-episode-3.html,"['//gogoplay.io/streaming.php?id=MTYzMDU0&title=3x3+Eyes%3A+Seima+Densetsu+episode+3&typesub=SUB', '//gogoplay.io/embedplus?id=MTYzMDU0&token=FIKzFr1hTgDjpA2kSk6s4w&expires=1641617255', 'https://sbplay2.com/e/hk8bn23axsow', 'https://fembed-hd.com/v/y2zjdhe14k658xr', 'https://mixdrop.co/e/l63plx7jtk3rnl', 'https://dood.ws/e/64vuqcax2p1b']"
54,3x3 Eyes: Seima Densetsu (Dub),"Yakumo has trained and searched for 4 years, following Pai's mysterious disappearance. However, when he finally finds her, not all is well as her memory seems to be gone. They attempt to return her memory by going to the Holy Land, birthplace of the immortal race of Sanjiyans.",Completed Anime,Anime in 1995,Genre: Action Adventure Demons Fantasy Horror Romance,3x3-eyes-seima-densetsu-dub,https://gogocdn.net/cover/3x3-eyes-seima-densetsu-dub.png,3x3 Eyes: Seima Densetsu (Dub) Episode 3,https://animeseries.so/watch/3x3-eyes-seima-densetsu-dub-episode-3.html,"['//gogoplay.io/streaming.php?id=MTYzMDUx&title=3x3+Eyes%3A+Seima+Densetsu+%28Dub%29+episode+3&typesub=DUB', '//gogoplay.io/embedplus?id=MTYzMDUx&token=P3-lDcYgp4VjwxZ4Y4tMOA&expires=1641617257', 'https://sbplay2.com/e/buk5z1kpftbd', 'https://fembed-hd.com/v/y2zjdhe14kzrd83', 'https://mixdrop.co/e/kn3rl4n6iqw3j1', 'https://dood.ws/e/bkbuxhylno50']"
55,5 Centimeters Per Second,"Part 1 — The Chosen Cherry Blossoms (26 min.): Because of family relocation, Shinohara Akari had to leave Tokyo after graduating from elementary school. The strong feelings between Takaki and Akari keep them in contact, but they worry that they may not meet again. Then, one day, Takaki learns that his family will move from Tokyo to an island in the far south of Japan, so he decides to use this last chance to visit Akari by train... Part 2 — Cosmonaut (21 min.): Years have passed, and Takaki still writes emails meant for Akari, only to never send them to her. Meanwhile Sumita Kanae, his classmate, has feelings for Takaki, but she does not have the courage to confess her love to him...Part 3 — 5 Centimetres per Second (16 min., mostly a music clip): Takaki is working as computer programmer now, occasionally remembering his former life — and love. And one day, at a railroad crossing, he suddenly passes by a woman who looks familiar to him...",Completed Anime,Anime in 2007,Genre: Drama Romance Slice of Life,5-centimeters-per-second,https://gogocdn.net/images/anime/22319.jpg,5 Centimeters Per Second Episode 1,https://animeseries.so/watch/5-centimeters-per-second-episode-1.html,"['//gogoplay.io/streaming.php?id=NDA3ODE=&title=5+Centimeters+Per+Second+episode+1&typesub=SUB', '//gogoplay.io/embedplus?id=NDA3ODE=&token=tSrh7B5dgL7ABVRaKsluAw&expires=1641617260', 'https://sbplay2.com/e/52qc7pqca88j', 'https://fembed-hd.com/v/nyjq6s2j3wql6xq', 'https://www.mp4upload.com/embed-fes4hlbjns14.html', 'https://dood.ws/e/f1ibftajqj89']"
56,5 Centimeters per Second (Dub),"Tohno Takaki and Shinohara Akari, two very close friends and classmates, are torn apart when Akari's family is transferred to another region of Japan due to her family's job. Despite separation, they continue to keep in touch through mail. When Takaki finds out that his family is also moving, he decides to meet with Akari one last time. As years pass by, they continue down their own paths, their distance slowly growing wider and their contact with one another fades. Yet, they keep remembering one another and the times they have shared together, wondering if they will have the chance to meet once again.",Completed Anime,Anime in 2007,Genre: Drama Romance Slice of Life,5-centimeters-per-second-dub,https://gogocdn.net/cover/5-centimeters-per-second-dub.jpg,5 Centimeters per Second (Dub) Episode 1,https://animeseries.so/watch/5-centimeters-per-second-dub-episode-1.html,"['//gogoplay.io/streaming.php?id=NzQwOTM=&title=5+Centimeters+per+Second+%28Dub%29+episode+1&typesub=DUB', '//gogoplay.io/embedplus?id=NzQwOTM=&token=CAL_IUHdUTg63W93zXvSHA&expires=1641617262', 'https://sbplay2.com/e/jm9s760czxdz', 'https://hydrax.net/watch?v=9R-fKDTae', 'https://fembed-hd.com/v/l364xunwm6ln73k', 'https://mixdrop.co/e/84lrknnpa8e414', 'https://www.mp4upload.com/embed-4bbvvhh98cng.html', 'https://www.yourupload.com/embed/AW57X5dnxW2J', 'https://dood.ws/e/tzzaoiom6hz7']"
57,5-toubun no Hanayome 2,Second season of 5-toubun no Hanayome.,Completed Anime,Anime in 2021,Genre: Comedy Harem Romance School Shounen,5-toubun-no-hanayome-2,https://gogocdn.net/cover/5-toubun-no-hanayome-2.png,5-toubun no Hanayome 2 Episode 12,https://animeseries.so/watch/5-toubun-no-hanayome-2-episode-12.html,"['//gogoplay.io/streaming.php?id=MTU1ODAx&title=5-toubun+no+Hanayome+2+episode+12&typesub=SUB', '//gogoplay.io/embedplus?id=MTU1ODAx&token=qKAU8a3X7nF_hcfWeLvQwQ&expires=1641617263', 'https://sbplay2.com/e/gskakwwucvxr', 'https://fembed-hd.com/v/j-j1pcd2r7denr2', 'https://mixdrop.co/e/xor1m13pfxpdvq', 'https://www.mp4upload.com/embed-i8x2ocf8jjd1.html', 'https://dood.ws/e/ikg5f2t46myy']"
58,5-toubun no Hanayome 2 (Dub),Second season of 5-toubun no Hanayome.,Completed Anime,Anime in 2021,Genre: Comedy Harem Romance School Shounen,5-toubun-no-hanayome-2-dub,https://gogocdn.net/cover/5-toubun-no-hanayome-2-dub.png,5-toubun no Hanayome 2 (Dub) Episode 12,https://animeseries.so/watch/5-toubun-no-hanayome-2-dub-episode-12.html,"['//gogoplay.io/streaming.php?id=MTYzNjIy&title=5-toubun+no+Hanayome+2+%28Dub%29+episode+12&typesub=DUB', '//gogoplay.io/embedplus?id=MTYzNjIy&token=XUTDXXiPPYYbUHIGuMrpEw&expires=1641617265', 'https://sbplay2.com/e/cqw9trsei3r1', 'https://fembed-hd.com/v/ry7jrseg122z11l', 'https://mixdrop.co/e/rwq7e9l8u97wmn', 'https://www.mp4upload.com/embed-8i76dcsoq6y5.html', 'https://dood.ws/e/uux6p3srmaca']"
59,6 Angels,"In the near future, the death penalty has been revoked worldwide. Therefore, criminals are sent to an underground prison set in the impact crater of a nuclear site somewhere in the United States, known as Neo Purgatory. A group of women, known as the Guard of Rose, is caught in the crossfire when the mysterious villain Donn Canyon launches his mission to ""purify the world"" with radiation...",Completed Anime,Anime in 2001,Genre: Action Sci-Fi,6-angels,https://gogocdn.net/images/anime/65476.jpg,6 Angels Episode 6,https://animeseries.so/watch/6-angels-episode-6.html,"['//gogoplay.io/streaming.php?id=NDA3ODQ=&title=6+Angels+episode+6&typesub=SUB', '//gogoplay.io/embedplus?id=NDA3ODQ=&token=PI6JRbvd_uH0eadZZ3vlZg&expires=1641617267', 'https://sbplay2.com/e/w4prfte9m5vt', 'https://hydrax.net/watch?v=kxs5twnvk', 'https://fembed-hd.com/v/0361julqndy6k23', 'https://www.mp4upload.com/embed-2uiz1sdfrevv.html', 'https://www.yourupload.com/embed/AtxKak8x52Nd', 'https://dood.ws/e/wv6bedzjesff']"
60,6HP (Six Hearts Princess),"Six Hearts Princess, often called 6HP for short, is a Japanese animated series created by Takashi Murakami. It was originally supposed to air beginning in December 2016, but production was not complete, and only half an episode with unfinished art was aired, along with an apology and documentary. The complete version of the first episode was released in September of 2017.",Ongoing Anime,Anime in 2016,Genre: Magic,6hp-six-hearts-princess,https://gogocdn.net/cover/6hp-six-hearts-princess.png,6HP (Six Hearts Princess) Episode 2,https://animeseries.so/watch/6hp-six-hearts-princess-episode-2.html,"['//gogoplay.io/streaming.php?id=MTMzNDU2&title=6HP+%28Six+Hearts+Princess%29+episode+2&typesub=SUB', '//gogoplay.io/embedplus?id=MTMzNDU2&token=tmOcXMToKEAvGNbJTTOA2w&expires=1641617269', 'https://sbplay2.com/e/wpyv62k10udr', 'https://hydrax.net/watch?v=dXoJATMM5', 'https://fembed-hd.com/v/qy6j0se3py5qg58', 'https://www.mp4upload.com/embed-rnmooh2g47xh.html', 'https://dood.ws/e/alerad1b0dx2']"
61,7 Seeds,"5.00 Ranked #10912Popularity #3842Members 11,927ONAGonzo Add to ListEpisodes: 0 /?* Your list is public by default. Trailer play More videos EditSynopsis In the immediate future, a giant meteorite has collided with earth. All living organisms, including mankind, have been wiped off the face of the planet. The government, who had foreseen this outcome, took measures to counter the worst-case scenario. In particular was Project ""7SEEDS,"" in which five sets of seven young men and women were carefully selected and placed into teams (Spring, Summer A, Summer B, Autumn and Winter). Each participant was then put under cryogenic sleep in hopes of preserving the continued existence of mankind. When those men and women awoke, they found themselves suddenly thrust into a cruel world. While bereft and grieved over forever losing their loved ones, they sought to find ways to survive.",Completed Anime,Anime in 2019,Genre: Action Adventure Drama Horror Mystery Psychological Romance Sci-Fi Shoujo,7-seeds,https://gogocdn.net/cover/7-seeds.png,7 Seeds Episode 12,https://animeseries.so/watch/7-seeds-episode-12.html,"['//gogoplay.io/streaming.php?id=MTIzNTcx&title=7+Seeds+episode+12&typesub=SUB', '//gogoplay.io/embedplus?id=MTIzNTcx&token=5xQ9O9ZIDPbQKYBJzV7Ztw&expires=1641617271', 'https://sbplay2.com/e/zgct2x39vq8p', 'https://hydrax.net/watch?v=I3ur9gofY_', 'https://fembed-hd.com/v/w31j6cnrw3-3j41', 'https://www.mp4upload.com/embed-cwlb74nrn1sv.html', 'https://dood.ws/e/wrp2sc7nwcm0']"
62,7 Seeds (Dub),"In the immediate future, a giant meteorite has collided with earth. All living organisms, including mankind, have been wiped off the face of the planet. The government, who had foreseen this outcome, took measures to counter the worst-case scenario. In particular was Project ""7SEEDS,"" in which five sets of seven young men and women were carefully selected and placed into teams (Spring, Summer A, Summer B, Autumn and Winter). Each participant was then put under cryogenic sleep in hopes of preserving the continued existence of mankind. When those men and women awoke, they found themselves suddenly thrust into a cruel world. While bereft and grieved over forever losing their loved ones, they sought to find ways to survive.",Completed Anime,Anime in 2019,Genre: Adventure Drama Mystery Psychological Romance Sci-Fi Shoujo,7-seeds-dub,https://gogocdn.net/cover/7-seeds-dub.png,7 Seeds (Dub) Episode 12,https://animeseries.so/watch/7-seeds-dub-episode-12.html,"['//gogoplay.io/streaming.php?id=MTIzNzg5&title=7+Seeds+%28Dub%29+episode+12&typesub=DUB', '//gogoplay.io/embedplus?id=MTIzNzg5&token=wjmGfnExg_heSxIJRW4M0A&expires=1641617275', 'https://sbplay2.com/e/x5dkfjhu12ne', 'https://hydrax.net/watch?v=CgkAVMfw7', 'https://fembed-hd.com/v/qy6j0se32gl6--d', 'https://www.mp4upload.com/embed-ttaavksvbtou.html', 'https://dood.ws/e/onyj3n9ih9kk']"
63,7 Seeds 2nd Season,Second season of 7 Seeds.,Completed Anime,Anime in 2020,Genre: Adventure Drama Mystery Psychological Romance Sci-Fi Shoujo,7-seeds-2nd-season,https://gogocdn.net/cover/7-seeds-2nd-season.png,7 Seeds 2nd Season Episode 12,https://animeseries.so/watch/7-seeds-2nd-season-episode-12.html,"['//gogoplay.io/streaming.php?id=MTM3OTYw&title=7+Seeds+2nd+Season%09+episode+12&typesub=SUB', '//gogoplay.io/embedplus?id=MTM3OTYw&token=pFVFVpaLAxyRwpjgASnxvw&expires=1641617277', 'https://sbplay2.com/e/gr3tvbn95gji', 'https://hydrax.net/watch?v=RyDFY-TVt', 'https://fembed-hd.com/v/py4ldsm8jmjpzyq', 'https://mixdrop.co/e/fqyjwgyhl', 'https://www.mp4upload.com/embed-ccajkkfjnwpp.html', 'https://dood.ws/e/srilr6brrs2w']"
64,7 Seeds 2nd Season (Dub),Second season of 7 Seeds.,Completed Anime,Anime in 2020,Genre: Adventure Drama Mystery Psychological Romance Sci-Fi Shoujo,7-seeds-2nd-season-dub,https://gogocdn.net/cover/7-seeds-2nd-season-dub.png,7 Seeds 2nd Season (Dub) Episode 12,https://animeseries.so/watch/7-seeds-2nd-season-dub-episode-12.html,"['//gogoplay.io/streaming.php?id=MTM3OTcy&title=7+Seeds+2nd+Season+%28Dub%29+episode+12&typesub=DUB', '//gogoplay.io/embedplus?id=MTM3OTcy&token=wJxhpZtUU7WvCS1uIuxiLg&expires=1641617279', 'https://sbplay2.com/e/m7iuew6rurrm', 'https://hydrax.net/watch?v=0cd-9cPdd', 'https://fembed-hd.com/v/5d0w1cde5ez7210', 'https://www.mp4upload.com/embed-k6tqbr5sdpvf.html', 'https://dood.ws/e/5ge52knt1791']"
65,86,"The Republic of San Magnolia. For a long time, this country has been besieged by its neighbor, the Giadian Empire, which created a series of unmanned drones called the Legion. After years of painstaking research, the Republic finally developed autonomous drones of their own, turning the one-sided struggle into a war without casualties—or at least, that's what the government claims. In truth, there is no such thing as a bloodless war. Beyond the fortified walls protecting the eighty-five Republic territories lies the ""nonexistent"" Eighty-Sixth Sector. The young men and women of this forsaken land are branded the Eighty-Six and, stripped of their humanity, pilot the ""unmanned"" weapons into battle... Shinn directs the actions of a detachment of young Eighty-Sixers while on the battlefield. Lena is a ""handler"" who commands the detachment from the remote rear with the help of special communication. The farewell story of the severe and sad struggle of these two begins!",Completed Anime,Anime in 2021,Genre: Drama Sci-Fi,86,https://gogocdn.net/cover/86.png,86 Episode 11,https://animeseries.so/watch/86-episode-11.html,"['//gogoplay.io/streaming.php?id=MTYzNjkz&title=86+episode+11&typesub=SUB', '//gogoplay.io/embedplus?id=MTYzNjkz&token=W-2YLEqieq36nf-CtzKxtA&expires=1641617281', 'https://sbplay2.com/e/4ciw83y6h8a5', 'https://fembed-hd.com/v/j-j1pcdg0d0y3zn', 'https://mixdrop.co/e/gnl9d369b7ejjr', 'https://www.mp4upload.com/embed-k897c2m7s17j.html', 'https://dood.ws/e/313mkhxikmkm']"
66,86 (Dub),"According to the Republic of San Magnolia, their ongoing war against the Giadian Empire has no casualties—however, that is mere propaganda. While the silver-haired Alba of the Republic's eighty-five sectors live safely behind protective walls, those of different appearances are interned in a secret eighty-sixth faction. Known within the military as the Eighty-Six, they are forced to fight against the Empire's autonomous Legion under the command of the Republican ""Handlers."" Vladilena Milizé is assigned to the Spearhead squadron to replace their previous Handler. Shunned by her peers for being a fellow Eighty-Six supporter, she continues to fight against their inhumane discrimination. Shinei Nouzen is the captain of the Spearhead squadron. Infamous for being the sole survivor of every squadron he's been in, he insists on shouldering the names and wishes of his fallen comrades. When the fates of these young souls from two different worlds collide, will it ignite the spark that lights their path to salvation, or will they burn themselves in the flames of despair?",Completed Anime,Anime in 2021,Genre: Action Drama Mecha Military Sci-Fi,86-dub,https://gogocdn.net/cover/86-dub.png,86 (Dub) Episode 11,https://animeseries.so/watch/86-dub-episode-11.html,"['//gogoplay.io/streaming.php?id=MTY5MTkx&title=86+%28Dub%29+episode+11&typesub=DUB', '//gogoplay.io/embedplus?id=MTY5MTkx&token=YwSzF8cP9_lfoEvjessHoA&expires=1641617283', 'https://sbplay2.com/e/3pwdtkftq84m', 'https://fembed-hd.com/v/5d0w1cdy87ppy48', 'https://mixdrop.co/e/848687l8tq979p', 'https://www.mp4upload.com/embed-re95ha5ve7ma.html', 'https://dood.ws/e/e6grck9wh5qi']"
67,86 2nd Season,Second cour of 86.,Ongoing Anime,Anime in 2021,Genre: Action Drama Mecha Military Sci-Fi,86-2nd-season,https://gogocdn.net/cover/86-2nd-season.png,86 2nd Season Episode 10,https://animeseries.so/watch/86-2nd-season-episode-10.html,"['//gogoplay.io/streaming.php?id=MTc2OTM1&title=86+2nd+Season+episode+10&typesub=SUB', '//gogoplay.io/embedplus?id=MTc2OTM1&token=kRkeAH5BSiB__v3uRI-kww&expires=1641617285', 'https://sbplay2.com/e/gx7weq0i9v2f', 'https://fembed-hd.com/v/nd27xs20461r8dp', 'https://www.mp4upload.com/embed-kx258dry0j1q.html', 'https://dood.ws/e/7o68dnzowpk6']"
68,86 Part 2 (Dub),"The disappearance of the Spearhead Squadron beyond the horizon does little to hide the intensity of the Republic of San Magnolia's endless propaganda. Vladilena Milizé continues to operate as ""Handler One,"" the commander of yet another dehumanized 86th faction's squadron in the continuous war against the Legion. On the Western Front, Shinei Nouzen and his squad are quarantined in a military base controlled by the Federal Republic of Giad, formerly known as the Giadian Empire. The newly-established government grants the saved Eighty-Six full citizenship and freedom. Housed by the president Ernst Zimmerman himself, the group meets his adoptive daughter and the last Empress, Augusta Frederica Adel-Adler. However, within the calm of this tender society, Shinei and his team feel that their purpose is on the battlefield. Before long, they are once again in the midst of the Legion's onslaught as a part of the Federacy's Nordlicht Squadron, accompanied by Augusta Frederica. But, as history repeats itself, they realize that no matter the side, death and pain on the front lines are the only comfort they know.",Ongoing Anime,Anime in 2021,Genre: Action Drama Mecha Military Sci-Fi,86-part-2-dub,https://gogocdn.net/cover/86-part-2-dub.png,86 Part 2 (Dub) Episode 4,https://animeseries.so/watch/86-part-2-dub-episode-4.html,"['//gogoplay.io/streaming.php?id=MTc3NDc2&title=86+Part+2+%28Dub%29+episode+4&typesub=DUB', '//gogoplay.io/embedplus?id=MTc3NDc2&token=NyBr6AOfLg4EN9Wh7TBHkw&expires=1641617286', 'https://sbplay2.com/e/pqlcpx9u9xvv', 'https://fembed-hd.com/v/-867japj83g02gd', 'https://www.mp4upload.com/embed-xrb1vpihfe82.html', 'https://dood.ws/e/gvuune010h42']"
69,86 Special Edition: Senya ni Akaku Hinageshi no Saku,86 special edition.,Completed Anime,Anime in 2021,Genre: Action Drama Military Sci-Fi,86-special-edition-senya-ni-akaku-hinageshi-no-saku,https://gogocdn.net/cover/86-special-edition-senya-ni-akaku-hinageshi-no-saku.png,86 Special Edition: Senya ni Akaku Hinageshi no Saku Episode 1,https://animeseries.so/watch/86-special-edition-senya-ni-akaku-hinageshi-no-saku-episode-1.html,"['//gogoplay.io/streaming.php?id=MTY0MTg4&title=86+Special+Edition%3A+Senya+ni+Akaku+Hinageshi+no+Saku+episode+1&typesub=SUB', '//gogoplay.io/embedplus?id=MTY0MTg4&token=AYutGlxTFFS7eYT9fFivQg&expires=1641617288', 'https://sbplay2.com/e/o0zcxiufvnol', 'https://fembed-hd.com/v/36752cmx21ye6-x', 'https://mixdrop.co/e/4n8kkd16sqlpojx', 'https://www.mp4upload.com/embed-4jje7ikc60vl.html', 'https://dood.ws/e/oqiqlmxytz58']"
70,91 Days,"The time is 1920, five years after National Prohibition Law took place at a city called Lorel in the United States. Main character Avilo arrives to join the Vampiro family mafia undercover in order to seek revenge of killers who killed his parents and brother in this mafia. A Killing starts kills. Revenge starts new revenge. A story of vengeance and sorrow starts now.",Completed Anime,Anime in 2016,Genre: Drama,91-days,https://gogocdn.net/cover/91-days.jpg,91 Days Episode 12,https://animeseries.so/watch/91-days-episode-12.html,"['//gogoplay.io/streaming.php?id=NzY1NDM=&title=91+Days+episode+12&typesub=SUB', '//gogoplay.io/embedplus?id=NzY1NDM=&token=dsoTuDnxW69OSOG-UBdFMw&expires=1641617289', 'https://sbplay2.com/e/l3wz2wx6zddn', 'https://fembed-hd.com/v/052z7flg82rk31r', 'https://dood.ws/e/sq3ro26t98vl']"
71,91 Days (Dub),"The time is 1920, five years after National Prohibition Law took place at a city called Lorel in the United States. Main character Avilo arrives to join the Vampiro family mafia undercover in order to seek revenge of killers who killed his parents and brother in this mafia. A Killing starts kills. Revenge starts new revenge. A story of vengeance and sorrow starts now.",Completed Anime,Anime in 2016,Genre: Drama,91-days-dub,https://gogocdn.net/cover/91-days-dub.png,91 Days (Dub) Episode 12,https://animeseries.so/watch/91-days-dub-episode-12.html,"['//gogoplay.io/streaming.php?id=OTQ5NjQ=&title=91+Days+%28Dub%29+episode+12&typesub=DUB', '//gogoplay.io/embedplus?id=OTQ5NjQ=&token=g25bvmAwKmVohIxCueZP1w&expires=1641617291', 'https://sbplay2.com/e/qv85su7mpauq', 'https://fembed-hd.com/v/60rx3b0w0e46qdk', 'https://dood.ws/e/nybtad4bdh9v']"
72,91 Days Special,Episode 13 of 91 Days.,Completed Anime,Anime in 2017,Genre: Action Drama Historical,91-days-special,https://gogocdn.net/cover/91-days-special.png,91 Days Special Episode 1,https://animeseries.so/watch/91-days-special-episode-1.html,"['//gogoplay.io/streaming.php?id=MTAwNzc5&title=91+Days+Special+episode+1&typesub=SUB', '//gogoplay.io/embedplus?id=MTAwNzc5&token=EWttjDc8B82oe6oj_E7F0g&expires=1641617293', 'https://sbplay2.com/e/8wkvx8uxbl5a', 'https://hydrax.net/watch?v=mjeoC9FBNP', 'https://fembed-hd.com/v/7lwyjugq-qmn3-r', 'https://www.mp4upload.com/embed-tdaew5h782lg.html', 'https://dood.ws/e/4ofswyk6l3sm']"
73,ēlDLIVE,"Chuuta Kokonose is an orphan who lives with his aunt. For as long as he can remember, he's had a voice in his head, but other than that he's a normal boy—right until the day when a strange-looking thing follows him home and teleports him to a place filled with more fantastic creatures. It's a space police station, and Rein Brickke, the Chief of Solar System Department, tells him that he's been chosen by the computer as a possible candidate to join the police force. Misuzu Sonokata, a girl from Chuuta's school with an angelic face and ill temper who turns out to be one of Rein Brickke's subordinates, doesn't think him suitable for such a job. Chuuta, who was shocked at first, decides to take the aptitude test after being urged by the voice in his head and to prove Misuzu wrong.",Completed Anime,Anime in 2017,Genre: Action Sci-Fi Space,eldlive,https://gogocdn.net/cover/eldlive.png,ēlDLIVE Episode 12,https://animeseries.so/watch/eldlive-episode-12.html,"['//gogoplay.io/streaming.php?id=OTc1MDE=&title=%C4%93lDLIVE+episode+12&typesub=SUB', '//gogoplay.io/embedplus?id=OTc1MDE=&token=yOvZm_GXLviwDrRppUrBvA&expires=1641617295', 'https://sbplay2.com/e/tc2e1x6r91dv', 'https://fembed-hd.com/v/y2zjdhemw0q0kqg', 'https://dood.ws/e/tiosn2mna5hs']"
